Model,MAE,R2
LinearRegression,39.035384310195944,0.053005838655049264
RandomForest,20.906077625570774,0.48764183157636665
